start_utc,end_utc
2026-03-23T09:00:00Z,2026-03-23T17:00:00Z
2026-03-24T09:00:00Z,2026-03-24T17:00:00Z
2026-03-25T09:00:00Z,2026-03-25T12:00:00Z
2026-03-25T13:30:00Z,2026-03-25T17:30:00Z
2026-03-26T09:00:00Z,2026-03-26T16:00:00Z
2026-03-27T09:00:00Z,2026-03-27T17:00:00Z
2026-03-31T08:00:00Z,2026-03-31T16:00:00Z
2026-04-01T08:00:00Z,2026-04-01T11:00:00Z
2026-04-01T12:00:00Z,2026-04-01T16:00:00Z
2026-04-01T18:00:00Z,2026-04-01T19:00:00Z
2026-04-02T08:00:00Z,2026-04-02T16:00:00Z
2026-04-03T08:00:00Z,2026-04-03T16:00:00Z
